{
    "Amul": "https://upload.wikimedia.org/wikipedia/commons/thumb/4/41/Amul_official_logo.svg/600px-Amul_official_logo.svg.png",
    "London Dairy": "https://www.be-telec.com/wp-content/uploads/2019/04/london-1024x722.jpg",
    "Britannia": "https://upload.wikimedia.org/wikipedia/en/thumb/d/d3/Britannia_Industries_logo.svg/1200px-Britannia_Industries_logo.svg.png",
    "Nestle": "https://1000logos.net/wp-content/uploads/2017/03/Nestle-Logo-500x500.png",
    "Kelloggs": "https://upload.wikimedia.org/wikipedia/commons/thumb/0/0a/Kellogg%27s-Logo.svg/2560px-Kellogg%27s-Logo.svg.png",
    "FitBit": "https://pbs.twimg.com/profile_images/1298478857708662790/HeDovzDR_400x400.jpg",
    "Amway": "https://images.indianexpress.com/2022/04/amway.jpg",
    "Loreal": "https://classiq.in/wp-content/uploads/2020/12/loreal.png",
    "Nivea": "https://cdn.shopify.com/s/files/1/0481/5621/3409/files/new_logo_f46dc02c-1b1e-4153-b2ea-a01cdc8b5a21_1204x630.png?v=1642161742",
    "Gillette": "https://1000logos.net/wp-content/uploads/2021/04/Gillette-logo.png",
    "Dove": "https://i.pinimg.com/originals/60/81/c0/6081c02a10bfb066a4cf3e8412fc6e02.png",
    "Adidas": "https://cdn.britannica.com/94/193794-050-0FB7060D/Adidas-logo.jpg",
    "Nike": "https://upload.wikimedia.org/wikipedia/commons/thumb/a/a6/Logo_NIKE.svg/800px-Logo_NIKE.svg.png",
    "Puma": "https://pngset.com/images/logo-puma-brand-nike-symbol-background-puma-logo-silhouette-bird-animal-trademark-transparent-png-905494.png",
    "Gap": "https://logos-world.net/wp-content/uploads/2020/09/Gap-Logo.png",
    "Coca-Cola": "https://blog.logomyway.com/wp-content/uploads/2020/11/coke-logo.jpg",
    "Dabur": "https://upload.wikimedia.org/wikipedia/en/thumb/6/65/Dabur_Logo.svg/1200px-Dabur_Logo.svg.png",
    "PepsiCo": "https://logos-world.net/wp-content/uploads/2022/03/Pepsico-Logo.png",
    "Samsung": "https://crypto.marketswiki.com/images/0/08/Samsung_logo.jpg",
    "LG": "https://upload.wikimedia.org/wikipedia/commons/thumb/b/bf/LG_logo_%282015%29.svg/2560px-LG_logo_%282015%29.svg.png",
    "Whirlpool": "https://www.whirlpooldigitalassets.com/content/dam/business-unit/global-assets/images/wdl-logos/whirlpool/whirlpool-logo-1.png",
    "Godrej Interio": "https://indianpsu.com/wp-content/uploads/2021/07/godrej-interio-1614836339.png",
    "Apple": "https://upload.wikimedia.org/wikipedia/commons/thumb/a/ab/Apple-logo.png/640px-Apple-logo.png",
    "JBL": "https://logodownload.org/wp-content/uploads/2016/10/jbl-logo-6-1.png",
    "Haldirams": "https://seeklogo.com/images/H/haldirams-logo-2A7BA0AD2C-seeklogo.com.png",
    "Levis": "https://logos-world.net/wp-content/uploads/2020/04/Levis-Logo-1969-2003.png",
    "Lays": "https://upload.wikimedia.org/wikipedia/commons/7/73/Lays_brand_logo.png",
    "Jockey": "https://1000logos.net/wp-content/uploads/2020/07/Jockey-Logo.png",
    "Rupa": "https://www.seekpng.com/png/detail/269-2692990_sponsors-rupa-company-ltd.png",
    "Parachute": "https://www.logolynx.com/images/logolynx/s_0d/0d45a669c3edf1021c3366cfa29ef763.png",
    "Lakme": "https://getvectorlogo.com/wp-content/uploads/2018/12/lakme-vector-logo.png",
    "Mylab": "https://imgnew.outlookindia.com/public/uploads/articles/2021/9/20/Mylab-Logo-01.png",
    "Thumbs Up": "https://upload.wikimedia.org/wikipedia/en/5/5b/Thums_Up_new_logo.png",
    "Lifebuoy": "https://upload.wikimedia.org/wikipedia/commons/0/01/Logo_Lifebuoy.png",
    "Kinley": "https://d2az7rqwq8t749.cloudfront.net/uploads/categories/tile/ea910f43e6c04f7ba5a3a157cd79d43f.png",
    "Kurkure": "https://upload.wikimedia.org/wikipedia/en/e/e5/Kurkure_Logo.png",
    "Yonex": "https://upload.wikimedia.org/wikipedia/commons/thumb/a/aa/Logo-Yonex.svg/1200px-Logo-Yonex.svg.png",
    "Wilson": "https://image.similarpng.com/very-thumbnail/2020/09/Wilson-Logo-design-Premium-vector-PNG.png",
    "Head": "https://qph.fs.quoracdn.net/main-qimg-4ea4ea5e998b3d2e4c77b88439ac9661",
    "Pigeon": "https://seeklogo.com/images/P/pigeon-kitchen-appliances-logo-A47DD13529-seeklogo.com.png",
    "Bajaj": "https://upload.wikimedia.org/wikipedia/en/thumb/d/d0/Bajaj_auto_logo.svg/1200px-Bajaj_auto_logo.svg.png",
    "Philips": "https://upload.wikimedia.org/wikipedia/commons/thumb/5/52/Philips_logo_new.svg/2560px-Philips_logo_new.svg.png",
    "Cosco": "https://encrypted-tbn0.gstatic.com/images?q=tbn:ANd9GcSfDkFRGxMF1bc3vBWk--udT-e4p7grZGRKm8Xdj2hDVdHJkJxxaCeOKj3f-pFqqJ6etG4&usqp=CAU",
    "ITC": "https://economictimes.indiatimes.com/thumb/height-450,width-600,imgsize-79131,msid-81834829/titled-design-2021-04-01t160958-689.jpg?from=mdr",
    "Reckitt": "https://upload.wikimedia.org/wikipedia/commons/thumb/e/ef/Reckitt_%282021%29.svg/1200px-Reckitt_%282021%29.svg.png",
    "Rasper": "https://cdn.shopify.com/s/files/1/0232/1072/1344/files/LOGO_SAP_RASPER_1200x1200.jpeg?v=1569996193",
    "Beiersdorf": "https://upload.wikimedia.org/wikipedia/commons/thumb/0/0b/Beiersdorf_Logo.svg/1024px-Beiersdorf_Logo.svg.png",
    "Staedtler Noris Gmbh": "https://upload.wikimedia.org/wikipedia/en/thumb/7/75/Staedtler_logo_%28stacked%29.svg/1200px-Staedtler_logo_%28stacked%29.svg.png",
    "Aaaaa": "https://www.alittlebitofspice.com/wp-content/uploads/2017/07/honey-chilli-potato-recipe-portrait.jpg"
}